{"cameraMode":{"drawMode":0,"name":"Shaded","section":"Shading Mode"},"sceneLighting":false,"audioPlay":false,"sceneViewState":{"showFog":true,"showMaterialUpdate":false,"showSkybox":false,"showFlares":true,"showImageEffects":true,"showParticleSystems":true,"showVisualEffectGraphs":true,"m_FxEnabled":true},"in2DMode":false,"pivot":{"x":-0.3866596221923828,"y":2.5258405208587648,"z":-1.1943244934082032},"rotation":{"x":-0.004200794268399477,"y":-0.0003009756619576365,"z":-0.000015194569641607814,"w":1.0000141859054566},"size":8.5974702835083,"orthographic":true}