{"cameraMode":{"drawMode":0,"name":"Shaded","section":"Shading Mode"},"sceneLighting":false,"audioPlay":false,"sceneViewState":{"showFog":true,"showMaterialUpdate":false,"showSkybox":false,"showFlares":true,"showImageEffects":true,"showParticleSystems":true,"showVisualEffectGraphs":true,"m_FxEnabled":true},"in2DMode":false,"pivot":{"x":-30.044132232666017,"y":-4.409068584442139,"z":-3.150912284851074},"rotation":{"x":0.029985858127474786,"y":0.025485467165708543,"z":-0.0007624815916642547,"w":0.999238133430481},"size":4.849850654602051,"orthographic":true}