{"cameraMode":{"drawMode":0,"name":"Shaded","section":"Shading Mode"},"sceneLighting":false,"audioPlay":false,"sceneViewState":{"showFog":true,"showMaterialUpdate":false,"showSkybox":false,"showFlares":true,"showImageEffects":true,"showParticleSystems":true,"showVisualEffectGraphs":true,"m_FxEnabled":true},"in2DMode":false,"pivot":{"x":-20.87810516357422,"y":0.658550500869751,"z":-12.078401565551758},"rotation":{"x":0.007798786275088787,"y":-0.01380063034594059,"z":0.00009542266343487427,"w":0.9998968839645386},"size":11.429169654846192,"orthographic":true}