{"cameraMode":{"drawMode":0,"name":"Shaded","section":"Shading Mode"},"sceneLighting":false,"audioPlay":false,"sceneViewState":{"showFog":true,"showMaterialUpdate":false,"showSkybox":false,"showFlares":true,"showImageEffects":true,"showParticleSystems":true,"showVisualEffectGraphs":true,"m_FxEnabled":true},"in2DMode":false,"pivot":{"x":-20.99282455444336,"y":-0.9995101094245911,"z":-18.681928634643556},"rotation":{"x":0.0014999816194176674,"y":0.007499868981540203,"z":-0.00001124166101362789,"w":0.9999727010726929},"size":6.132307052612305,"orthographic":true}