{"cameraMode":{"drawMode":0,"name":"Shaded","section":"Shading Mode"},"sceneLighting":false,"audioPlay":false,"sceneViewState":{"showFog":true,"showMaterialUpdate":false,"showSkybox":false,"showFlares":true,"showImageEffects":true,"showParticleSystems":true,"showVisualEffectGraphs":true,"m_FxEnabled":true},"in2DMode":false,"pivot":{"x":-11.899993896484375,"y":16.48999786376953,"z":-1.4600003957748414},"rotation":{"x":0.020992811769247056,"y":-0.02339106984436512,"z":0.0004920790670439601,"w":0.9995115995407105},"size":4.052890777587891,"orthographic":true}