{"cameraMode":{"drawMode":0,"name":"Shaded","section":"Shading Mode"},"sceneLighting":false,"audioPlay":false,"sceneViewState":{"showFog":true,"showMaterialUpdate":false,"showSkybox":false,"showFlares":true,"showImageEffects":true,"showParticleSystems":true,"showVisualEffectGraphs":true,"m_FxEnabled":true},"in2DMode":false,"pivot":{"x":-1.3402085304260255,"y":0.0598139762878418,"z":26.434246063232423},"rotation":{"x":0.04348701983690262,"y":0.007191778626292944,"z":-0.0002937614044640213,"w":0.9990721344947815},"size":18.359617233276368,"orthographic":false}