{"cameraMode":{"drawMode":0,"name":"Shaded","section":"Shading Mode"},"sceneLighting":false,"audioPlay":false,"sceneViewState":{"showFog":true,"showMaterialUpdate":false,"showSkybox":false,"showFlares":true,"showImageEffects":true,"showParticleSystems":true,"showVisualEffectGraphs":true,"m_FxEnabled":true},"in2DMode":false,"pivot":{"x":-21.774280548095704,"y":-90.75714111328125,"z":-58.170936584472659},"rotation":{"x":-0.008100061677396298,"y":0.0014981591375544668,"z":0.00002797400338749867,"w":1.0000089406967164},"size":7.219388484954834,"orthographic":false}