{"cameraMode":{"drawMode":0,"name":"Shaded","section":"Shading Mode"},"sceneLighting":false,"audioPlay":false,"sceneViewState":{"showFog":true,"showMaterialUpdate":false,"showSkybox":false,"showFlares":true,"showImageEffects":true,"showParticleSystems":true,"showVisualEffectGraphs":true,"m_FxEnabled":true},"in2DMode":false,"pivot":{"x":1.833395004272461,"y":4.064538955688477,"z":-0.3289029598236084},"rotation":{"x":0.040488168597221377,"y":0.00899368803948164,"z":-0.00035261939046904445,"w":0.9991543889045715},"size":9.300366401672364,"orthographic":true}