{"cameraMode":{"drawMode":0,"name":"Shaded","section":"Shading Mode"},"sceneLighting":false,"audioPlay":false,"sceneViewState":{"showFog":true,"showMaterialUpdate":false,"showSkybox":false,"showFlares":true,"showImageEffects":true,"showParticleSystems":true,"showVisualEffectGraphs":true,"m_FxEnabled":true},"in2DMode":false,"pivot":{"x":-0.7972621917724609,"y":3.162336826324463,"z":-10.902352333068848},"rotation":{"x":0.14973647892475129,"y":0.0008907758165150881,"z":-0.00013230762851890177,"w":0.9887381196022034},"size":6.834173202514648,"orthographic":true}