{"cameraMode":{"drawMode":0,"name":"Shaded","section":"Shading Mode"},"sceneLighting":false,"audioPlay":false,"sceneViewState":{"showFog":true,"showMaterialUpdate":false,"showSkybox":false,"showFlares":true,"showImageEffects":true,"showParticleSystems":true,"showVisualEffectGraphs":true,"m_FxEnabled":true},"in2DMode":false,"pivot":{"x":-0.41826558113098147,"y":1.6560924053192139,"z":-11.322779655456543},"rotation":{"x":0.0017997421091422439,"y":-0.011099357157945633,"z":0.000022479267499875277,"w":0.9999494552612305},"size":6.834173202514648,"orthographic":true}