{"cameraMode":{"drawMode":0,"name":"Shaded","section":"Shading Mode"},"sceneLighting":false,"audioPlay":false,"sceneViewState":{"showFog":true,"showMaterialUpdate":false,"showSkybox":false,"showFlares":true,"showImageEffects":true,"showParticleSystems":true,"showVisualEffectGraphs":true,"m_FxEnabled":true},"in2DMode":false,"pivot":{"x":-12.528023719787598,"y":11.54499626159668,"z":0.12262207269668579},"rotation":{"x":0.11511659622192383,"y":0.046767402440309528,"z":-0.005425903480499983,"w":0.9922454357147217},"size":3.5300803184509279,"orthographic":true}