{"cameraMode":{"drawMode":0,"name":"Shaded","section":"Shading Mode"},"sceneLighting":false,"audioPlay":false,"sceneViewState":{"showFog":true,"showMaterialUpdate":false,"showSkybox":false,"showFlares":true,"showImageEffects":true,"showParticleSystems":true,"showVisualEffectGraphs":true,"m_FxEnabled":true},"in2DMode":false,"pivot":{"x":-9.939236640930176,"y":10.892988204956055,"z":3.391664505004883},"rotation":{"x":0.0014822006924077869,"y":-0.7079631090164185,"z":0.0014873349573463202,"w":0.7062652707099915},"size":17.425806045532228,"orthographic":true}