{"cameraMode":{"drawMode":0,"name":"Shaded","section":"Shading Mode"},"sceneLighting":false,"audioPlay":false,"sceneViewState":{"showFog":true,"showMaterialUpdate":false,"showSkybox":false,"showFlares":true,"showImageEffects":true,"showParticleSystems":true,"showVisualEffectGraphs":true,"m_FxEnabled":true},"in2DMode":false,"pivot":{"x":-25.608793258666993,"y":13.78291130065918,"z":3.9714555740356447},"rotation":{"x":0.0014998347032815219,"y":-0.002999373711645603,"z":0.000011011116839654278,"w":1.000002145767212},"size":8.61652660369873,"orthographic":true}