{"cameraMode":{"drawMode":0,"name":"Shaded","section":"Shading Mode"},"sceneLighting":false,"audioPlay":false,"sceneViewState":{"showFog":true,"showMaterialUpdate":false,"showSkybox":false,"showFlares":true,"showImageEffects":true,"showParticleSystems":true,"showVisualEffectGraphs":true,"m_FxEnabled":true},"in2DMode":false,"pivot":{"x":-23.979572296142579,"y":9.116097450256348,"z":-0.6918671131134033},"rotation":{"x":0.028495723381638528,"y":-0.005399873945862055,"z":0.00015401514247059822,"w":0.9995827078819275},"size":10.800166130065918,"orthographic":true}