{"cameraMode":{"drawMode":0,"name":"Shaded","section":"Shading Mode"},"sceneLighting":false,"audioPlay":false,"sceneViewState":{"showFog":true,"showMaterialUpdate":false,"showSkybox":false,"showFlares":true,"showImageEffects":true,"showParticleSystems":true,"showVisualEffectGraphs":true,"m_FxEnabled":true},"in2DMode":false,"pivot":{"x":-2.659367084503174,"y":-0.767781138420105,"z":-3.244765043258667},"rotation":{"x":-0.007785222493112087,"y":-0.061467744410037997,"z":0.00047799674212001264,"w":-0.9980865120887756},"size":6.563751697540283,"orthographic":true}