{"cameraMode":{"drawMode":0,"name":"Shaded","section":"Shading Mode"},"sceneLighting":false,"audioPlay":false,"sceneViewState":{"showFog":true,"showMaterialUpdate":false,"showSkybox":false,"showFlares":true,"showImageEffects":true,"showParticleSystems":true,"showVisualEffectGraphs":true,"m_FxEnabled":true},"in2DMode":false,"pivot":{"x":-22.350000381469728,"y":-20.21204376220703,"z":-56.983970642089847},"rotation":{"x":0.011090333573520184,"y":-0.041388459503650668,"z":0.0004621051484718919,"w":0.999093234539032},"size":7.219386577606201,"orthographic":false}