{"cameraMode":{"drawMode":0,"name":"Shaded","section":"Shading Mode"},"sceneLighting":false,"audioPlay":false,"sceneViewState":{"showFog":true,"showMaterialUpdate":false,"showSkybox":false,"showFlares":true,"showImageEffects":true,"showParticleSystems":true,"showVisualEffectGraphs":true,"m_FxEnabled":true},"in2DMode":false,"pivot":{"x":4.229135990142822,"y":2.9690613746643068,"z":0.120583176612854},"rotation":{"x":-0.010245155543088913,"y":-0.21841086447238923,"z":0.0023016880732029678,"w":-0.9758273959159851},"size":3.092182159423828,"orthographic":true}