{"cameraMode":{"drawMode":0,"name":"Shaded","section":"Shading Mode"},"sceneLighting":false,"audioPlay":false,"sceneViewState":{"showFog":true,"showMaterialUpdate":false,"showSkybox":false,"showFlares":true,"showImageEffects":true,"showParticleSystems":true,"showVisualEffectGraphs":true,"m_FxEnabled":true},"in2DMode":false,"pivot":{"x":4.429733753204346,"y":5.975904941558838,"z":0.19296467304229737},"rotation":{"x":-0.025797290727496148,"y":-0.007489485666155815,"z":0.0002064263535430655,"w":-0.9996635317802429},"size":3.092182159423828,"orthographic":true}