{"cameraMode":{"drawMode":0,"name":"Shaded","section":"Shading Mode"},"sceneLighting":false,"audioPlay":false,"sceneViewState":{"showFog":true,"showMaterialUpdate":false,"showSkybox":false,"showFlares":true,"showImageEffects":true,"showParticleSystems":true,"showVisualEffectGraphs":true,"m_FxEnabled":true},"in2DMode":false,"pivot":{"x":-9.645833969116211,"y":-33.90275192260742,"z":-35.607940673828128},"rotation":{"x":-0.0059990473091602329,"y":-0.01739736832678318,"z":-0.00010515581379877403,"w":0.9998365044593811},"size":9.607952117919922,"orthographic":true}