{"cameraMode":{"drawMode":0,"name":"Shaded","section":"Shading Mode"},"sceneLighting":false,"audioPlay":false,"sceneViewState":{"showFog":true,"showMaterialUpdate":false,"showSkybox":false,"showFlares":true,"showImageEffects":true,"showParticleSystems":true,"showVisualEffectGraphs":true,"m_FxEnabled":true},"in2DMode":false,"pivot":{"x":-40.41239547729492,"y":-15.390382766723633,"z":-36.22669219970703},"rotation":{"x":-1.6847106110162714e-7,"y":-0.010499649681150914,"z":-0.0000010712989251260297,"w":0.9999533891677856},"size":4.195337295532227,"orthographic":true}