{"cameraMode":{"drawMode":0,"name":"Shaded","section":"Shading Mode"},"sceneLighting":false,"audioPlay":false,"sceneViewState":{"showFog":true,"showMaterialUpdate":false,"showSkybox":false,"showFlares":true,"showImageEffects":true,"showParticleSystems":true,"showVisualEffectGraphs":true,"m_FxEnabled":true},"in2DMode":false,"pivot":{"x":-39.05605697631836,"y":-11.806797981262207,"z":-36.19517517089844},"rotation":{"x":-1.6847106110162714e-7,"y":-0.010499649681150914,"z":-0.0000010712989251260297,"w":0.9999533891677856},"size":5.966191291809082,"orthographic":true}