{"cameraMode":{"drawMode":0,"name":"Shaded","section":"Shading Mode"},"sceneLighting":false,"audioPlay":false,"sceneViewState":{"showFog":true,"showMaterialUpdate":false,"showSkybox":false,"showFlares":true,"showImageEffects":true,"showParticleSystems":true,"showVisualEffectGraphs":true,"m_FxEnabled":true},"in2DMode":false,"pivot":{"x":-38.44758224487305,"y":-14.430627822875977,"z":-36.12218475341797},"rotation":{"x":0.09432930499315262,"y":-0.025383707135915757,"z":0.0024057391565293075,"w":0.9952224493026733},"size":4.195337295532227,"orthographic":true}