{"cameraMode":{"drawMode":0,"name":"Shaded","section":"Shading Mode"},"sceneLighting":false,"audioPlay":false,"sceneViewState":{"showFog":true,"showMaterialUpdate":false,"showSkybox":false,"showFlares":true,"showImageEffects":true,"showParticleSystems":true,"showVisualEffectGraphs":true,"m_FxEnabled":true},"in2DMode":false,"pivot":{"x":-42.00754928588867,"y":-10.793853759765625,"z":-35.97058868408203},"rotation":{"x":0.020997818559408189,"y":-0.007497884798794985,"z":0.00015703070675954223,"w":0.9997540712356567},"size":5.399971961975098,"orthographic":true}