{"cameraMode":{"drawMode":0,"name":"Shaded","section":"Shading Mode"},"sceneLighting":false,"audioPlay":false,"sceneViewState":{"showFog":true,"showMaterialUpdate":false,"showSkybox":false,"showFlares":true,"showImageEffects":true,"showParticleSystems":true,"showVisualEffectGraphs":true,"m_FxEnabled":true},"in2DMode":false,"pivot":{"x":-0.5168204307556152,"y":0.8058408498764038,"z":0.14998865127563477},"rotation":{"x":-0.1374553143978119,"y":-0.27768877148628237,"z":0.04018842428922653,"w":-0.9499623775482178},"size":1.695075511932373,"orthographic":true}