{"cameraMode":{"drawMode":0,"name":"Shaded","section":"Shading Mode"},"sceneLighting":false,"audioPlay":false,"sceneViewState":{"showFog":true,"showMaterialUpdate":false,"showSkybox":false,"showFlares":true,"showImageEffects":true,"showParticleSystems":true,"showVisualEffectGraphs":true,"m_FxEnabled":true},"in2DMode":false,"pivot":{"x":-0.5168204307556152,"y":0.8058408498764038,"z":0.14998865127563477},"rotation":{"x":-0.04261691868305206,"y":0.1127670630812645,"z":-0.0048155030235648159,"w":-0.9927236437797546},"size":1.695075511932373,"orthographic":true}