{"cameraMode":{"drawMode":0,"name":"Shaded","section":"Shading Mode"},"sceneLighting":false,"audioPlay":false,"sceneViewState":{"showFog":true,"showMaterialUpdate":false,"showSkybox":false,"showFlares":true,"showImageEffects":true,"showParticleSystems":true,"showVisualEffectGraphs":true,"m_FxEnabled":true},"in2DMode":false,"pivot":{"x":-0.5168201923370361,"y":0.8058406114578247,"z":0.14998865127563477},"rotation":{"x":-0.007799509912729263,"y":0.01650623045861721,"z":-0.0001241281279362738,"w":-0.9998533725738525},"size":1.2637296915054322,"orthographic":true}