{"cameraMode":{"drawMode":0,"name":"Shaded","section":"Shading Mode"},"sceneLighting":false,"audioPlay":false,"sceneViewState":{"showFog":true,"showMaterialUpdate":false,"showSkybox":false,"showFlares":true,"showImageEffects":true,"showParticleSystems":true,"showVisualEffectGraphs":true,"m_FxEnabled":true},"in2DMode":false,"pivot":{"x":-0.5168201923370361,"y":0.8058406114578247,"z":0.14998865127563477},"rotation":{"x":0.0011978679103776813,"y":0.04948792606592178,"z":0.00006548625242430717,"w":-0.9987947344779968},"size":1.2637296915054322,"orthographic":true}