{"cameraMode":{"drawMode":0,"name":"Shaded","section":"Shading Mode"},"sceneLighting":false,"audioPlay":false,"sceneViewState":{"showFog":true,"showMaterialUpdate":false,"showSkybox":false,"showFlares":true,"showImageEffects":true,"showParticleSystems":true,"showVisualEffectGraphs":true,"m_FxEnabled":true},"in2DMode":false,"pivot":{"x":-7.385833263397217,"y":1.7746150493621827,"z":0.049196481704711917},"rotation":{"x":-0.0063471924513578419,"y":-0.2725042402744293,"z":0.0018107000505551696,"w":-0.9621619582176209},"size":2.634650468826294,"orthographic":true}