{"cameraMode":{"drawMode":0,"name":"Shaded","section":"Shading Mode"},"sceneLighting":false,"audioPlay":false,"sceneViewState":{"showFog":true,"showMaterialUpdate":false,"showSkybox":false,"showFlares":true,"showImageEffects":true,"showParticleSystems":true,"showVisualEffectGraphs":true,"m_FxEnabled":true},"in2DMode":false,"pivot":{"x":-7.385833263397217,"y":1.7746150493621827,"z":0.049196481704711917},"rotation":{"x":-0.023098697885870935,"y":0.0045069074258208279,"z":-0.00008752289431868121,"w":-0.9997510313987732},"size":2.634650468826294,"orthographic":true}