{"cameraMode":{"drawMode":0,"name":"Shaded","section":"Shading Mode"},"sceneLighting":false,"audioPlay":false,"sceneViewState":{"showFog":true,"showMaterialUpdate":false,"showSkybox":false,"showFlares":true,"showImageEffects":true,"showParticleSystems":true,"showVisualEffectGraphs":true,"m_FxEnabled":true},"in2DMode":false,"pivot":{"x":-6.820277690887451,"y":1.7494760751724244,"z":0.041414499282836917},"rotation":{"x":-0.02278931997716427,"y":-0.028481652960181237,"z":0.0006616536411456764,"w":-0.999360203742981},"size":2.634650468826294,"orthographic":true}