{"cameraMode":{"drawMode":0,"name":"Shaded","section":"Shading Mode"},"sceneLighting":false,"audioPlay":false,"sceneViewState":{"showFog":true,"showMaterialUpdate":false,"showSkybox":false,"showFlares":true,"showImageEffects":true,"showParticleSystems":true,"showVisualEffectGraphs":true,"m_FxEnabled":true},"in2DMode":false,"pivot":{"x":-7.212801456451416,"y":3.0337369441986086,"z":0.10340332984924317},"rotation":{"x":-0.02278931997716427,"y":-0.028481652960181237,"z":0.0006616536411456764,"w":-0.999360203742981},"size":2.634650468826294,"orthographic":true}