{"cameraMode":{"drawMode":0,"name":"Shaded","section":"Shading Mode"},"sceneLighting":true,"audioPlay":false,"sceneViewState":{"showFog":true,"showMaterialUpdate":false,"showSkybox":false,"showFlares":true,"showImageEffects":true,"showParticleSystems":true,"showVisualEffectGraphs":true,"m_FxEnabled":true},"in2DMode":false,"pivot":{"x":-27.639101028442384,"y":7.647937774658203,"z":-1.3696054220199586},"rotation":{"x":-0.005999761633574963,"y":0.007499956991523504,"z":0.000044914188038092107,"w":0.9999536871910095},"size":15.187254905700684,"orthographic":true}