{"cameraMode":{"drawMode":0,"name":"Shaded","section":"Shading Mode"},"sceneLighting":true,"audioPlay":false,"sceneViewState":{"showFog":true,"showMaterialUpdate":false,"showSkybox":false,"showFlares":true,"showImageEffects":true,"showParticleSystems":true,"showVisualEffectGraphs":true,"m_FxEnabled":true},"in2DMode":false,"pivot":{"x":-7.809178829193115,"y":8.030590057373047,"z":-1.6336206197738648},"rotation":{"x":-0.005999761633574963,"y":0.007499956991523504,"z":0.000044914188038092107,"w":0.9999536871910095},"size":8.200704574584961,"orthographic":true}