{"cameraMode":{"drawMode":0,"name":"Shaded","section":"Shading Mode"},"sceneLighting":false,"audioPlay":false,"sceneViewState":{"showFog":true,"showMaterialUpdate":false,"showSkybox":false,"showFlares":true,"showImageEffects":true,"showParticleSystems":true,"showVisualEffectGraphs":true,"m_FxEnabled":true},"in2DMode":false,"pivot":{"x":-22.06011390686035,"y":-20.469999313354493,"z":-58.51754379272461},"rotation":{"x":0.010498878546059132,"y":0.013498787768185139,"z":-0.00014177279081195593,"w":0.9998553991317749},"size":6.573772430419922,"orthographic":true}