{"cameraMode":{"drawMode":0,"name":"Shaded","section":"Shading Mode"},"sceneLighting":false,"audioPlay":false,"sceneViewState":{"showFog":true,"showMaterialUpdate":false,"showSkybox":false,"showFlares":true,"showImageEffects":true,"showParticleSystems":true,"showVisualEffectGraphs":true,"m_FxEnabled":true},"in2DMode":false,"pivot":{"x":-22.06011390686035,"y":-20.469999313354493,"z":-58.51754379272461},"rotation":{"x":-0.010499577969312668,"y":-0.006897620391100645,"z":-0.00007265502790687606,"w":0.9999247789382935},"size":6.573772430419922,"orthographic":true}