{"cameraMode":{"drawMode":0,"name":"Shaded","section":"Shading Mode"},"sceneLighting":false,"audioPlay":false,"sceneViewState":{"showFog":true,"showMaterialUpdate":false,"showSkybox":false,"showFlares":true,"showImageEffects":true,"showParticleSystems":true,"showVisualEffectGraphs":true,"m_FxEnabled":true},"in2DMode":false,"pivot":{"x":-9.095335960388184,"y":1.5624269247055054,"z":-0.9239490032196045},"rotation":{"x":0.005442431196570396,"y":0.9941746592521668,"z":-0.08882565051317215,"w":0.060904961079359058},"size":4.2352213859558109,"orthographic":false}