{"cameraMode":{"drawMode":0,"name":"Shaded","section":"Shading Mode"},"sceneLighting":false,"audioPlay":false,"sceneViewState":{"showFog":true,"showMaterialUpdate":false,"showSkybox":false,"showFlares":true,"showImageEffects":true,"showParticleSystems":true,"showVisualEffectGraphs":true,"m_FxEnabled":true},"in2DMode":false,"pivot":{"x":-6.121541976928711,"y":0.29541724920272829,"z":2.497861623764038},"rotation":{"x":0.14407996833324433,"y":0.01602880284190178,"z":-0.0023298091255128385,"w":0.9894483089447022},"size":3.912153959274292,"orthographic":false}