{"cameraMode":{"drawMode":0,"name":"Shaded","section":"Shading Mode"},"sceneLighting":false,"audioPlay":false,"sceneViewState":{"showFog":true,"showMaterialUpdate":false,"showSkybox":false,"showFlares":true,"showImageEffects":true,"showParticleSystems":true,"showVisualEffectGraphs":true,"m_FxEnabled":true},"in2DMode":false,"pivot":{"x":-26.937517166137697,"y":-15.467958450317383,"z":1.2675034999847413},"rotation":{"x":-0.011479227803647519,"y":-0.19258129596710206,"z":-0.002265991410240531,"w":0.981234610080719},"size":1.6141538619995118,"orthographic":true}