{"cameraMode":{"drawMode":0,"name":"Shaded","section":"Shading Mode"},"sceneLighting":false,"audioPlay":false,"sceneViewState":{"showFog":true,"showMaterialUpdate":false,"showSkybox":false,"showFlares":true,"showImageEffects":true,"showParticleSystems":true,"showVisualEffectGraphs":true,"m_FxEnabled":true},"in2DMode":false,"pivot":{"x":-26.937517166137697,"y":-15.467958450317383,"z":1.2675034999847413},"rotation":{"x":0.00029945626738481224,"y":-0.009900455363094807,"z":-0.000014907913282513618,"w":0.9999769330024719},"size":8.196633338928223,"orthographic":true}