{"cameraMode":{"drawMode":0,"name":"Shaded","section":"Shading Mode"},"sceneLighting":false,"audioPlay":false,"sceneViewState":{"showFog":true,"showMaterialUpdate":false,"showSkybox":false,"showFlares":true,"showImageEffects":true,"showParticleSystems":true,"showVisualEffectGraphs":true,"m_FxEnabled":true},"in2DMode":false,"pivot":{"x":-32.57383346557617,"y":21.43857192993164,"z":0.025443941354751588},"rotation":{"x":0.03868450969457626,"y":0.019784733653068544,"z":-0.0007538726786151528,"w":0.9991058111190796},"size":0.7108275890350342,"orthographic":false}