{"cameraMode":{"drawMode":0,"name":"Shaded","section":"Shading Mode"},"sceneLighting":false,"audioPlay":false,"sceneViewState":{"showFog":true,"showMaterialUpdate":false,"showSkybox":false,"showFlares":true,"showImageEffects":true,"showParticleSystems":true,"showVisualEffectGraphs":true,"m_FxEnabled":true},"in2DMode":false,"pivot":{"x":-8.048657417297364,"y":2.8589913845062258,"z":-0.17118322849273683},"rotation":{"x":-0.03869876638054848,"y":0.008091163821518422,"z":-0.00031314193620346487,"w":-0.9992222189903259},"size":2.5256543159484865,"orthographic":false}