{"cameraMode":{"drawMode":0,"name":"Shaded","section":"Shading Mode"},"sceneLighting":false,"audioPlay":false,"sceneViewState":{"showFog":true,"showMaterialUpdate":false,"showSkybox":false,"showFlares":true,"showImageEffects":true,"showParticleSystems":true,"showVisualEffectGraphs":true,"m_FxEnabled":true},"in2DMode":false,"pivot":{"x":-11.582511901855469,"y":-23.077247619628908,"z":-35.85517120361328},"rotation":{"x":0.6223646402359009,"y":0.028863251209259034,"z":-0.022976167500019075,"w":0.7818610668182373},"size":4.215016841888428,"orthographic":true}