{"cameraMode":{"drawMode":0,"name":"Shaded","section":"Shading Mode"},"sceneLighting":false,"audioPlay":false,"sceneViewState":{"showFog":true,"showMaterialUpdate":false,"showSkybox":false,"showFlares":true,"showImageEffects":true,"showParticleSystems":true,"showVisualEffectGraphs":true,"m_FxEnabled":true},"in2DMode":false,"pivot":{"x":-11.582511901855469,"y":-23.077247619628908,"z":-35.85517120361328},"rotation":{"x":-0.008699772879481316,"y":-0.012599421665072441,"z":-0.00011054897913709283,"w":0.9998862743377686},"size":4.215016841888428,"orthographic":true}