{"cameraMode":{"drawMode":0,"name":"Shaded","section":"Shading Mode"},"sceneLighting":false,"audioPlay":false,"sceneViewState":{"showFog":true,"showMaterialUpdate":false,"showSkybox":false,"showFlares":true,"showImageEffects":true,"showParticleSystems":true,"showVisualEffectGraphs":true,"m_FxEnabled":true},"in2DMode":false,"pivot":{"x":-0.5471497774124146,"y":-17.2874698638916,"z":-0.15895628929138184},"rotation":{"x":0.07760544866323471,"y":-0.021534288302063943,"z":0.0016752919182181359,"w":0.9967653751373291},"size":6.6165056228637699,"orthographic":true}