{"cameraMode":{"drawMode":0,"name":"Shaded","section":"Shading Mode"},"sceneLighting":false,"audioPlay":false,"sceneViewState":{"showFog":true,"showMaterialUpdate":false,"showSkybox":false,"showFlares":true,"showImageEffects":true,"showParticleSystems":true,"showVisualEffectGraphs":true,"m_FxEnabled":true},"in2DMode":false,"pivot":{"x":-11.917961120605469,"y":16.370399475097658,"z":-1.46956467628479},"rotation":{"x":-0.00003780665065278299,"y":0.9999393820762634,"z":-0.010499769821763039,"w":-0.003601394360885024},"size":3.9626383781433107,"orthographic":true}