{"cameraMode":{"drawMode":0,"name":"Shaded","section":"Shading Mode"},"sceneLighting":false,"audioPlay":false,"sceneViewState":{"showFog":true,"showMaterialUpdate":false,"showSkybox":false,"showFlares":true,"showImageEffects":true,"showParticleSystems":true,"showVisualEffectGraphs":true,"m_FxEnabled":true},"in2DMode":false,"pivot":{"x":-25.662385940551759,"y":-80.35218811035156,"z":-40.45884323120117},"rotation":{"x":0.01979861967265606,"y":-0.011103871278464795,"z":0.00021799557725898921,"w":0.9997953772544861},"size":9.060382843017579,"orthographic":true}