{"cameraMode":{"drawMode":0,"name":"Shaded","section":"Shading Mode"},"sceneLighting":false,"audioPlay":false,"sceneViewState":{"showFog":true,"showMaterialUpdate":false,"showSkybox":false,"showFlares":true,"showImageEffects":true,"showParticleSystems":true,"showVisualEffectGraphs":true,"m_FxEnabled":true},"in2DMode":false,"pivot":{"x":-5.856106758117676,"y":-0.668447732925415,"z":-16.932605743408204},"rotation":{"x":0.04498474299907684,"y":0.002395716030150652,"z":-0.00010831453982973471,"w":0.9989873766899109},"size":4.764708518981934,"orthographic":true}