{"cameraMode":{"drawMode":0,"name":"Shaded","section":"Shading Mode"},"sceneLighting":false,"audioPlay":false,"sceneViewState":{"showFog":true,"showMaterialUpdate":false,"showSkybox":false,"showFlares":true,"showImageEffects":true,"showParticleSystems":true,"showVisualEffectGraphs":true,"m_FxEnabled":true},"in2DMode":false,"pivot":{"x":-3.9794111251831056,"y":-0.12678396701812745,"z":-21.843257904052736},"rotation":{"x":-0.01589985378086567,"y":-0.0002998801355715841,"z":0.000006617743565584533,"w":0.9998936057090759},"size":6.76608419418335,"orthographic":true}