{"cameraMode":{"drawMode":0,"name":"Shaded","section":"Shading Mode"},"sceneLighting":false,"audioPlay":false,"sceneViewState":{"showFog":true,"showMaterialUpdate":false,"showSkybox":false,"showFlares":true,"showImageEffects":true,"showParticleSystems":true,"showVisualEffectGraphs":true,"m_FxEnabled":true},"in2DMode":false,"pivot":{"x":-0.4419304132461548,"y":1.297437071800232,"z":-11.018182754516602},"rotation":{"x":0.0030000824481248857,"y":0.00869992095977068,"z":-0.00002091888200084213,"w":0.9999814629554749},"size":7.269881725311279,"orthographic":true}