{"cameraMode":{"drawMode":0,"name":"Shaded","section":"Shading Mode"},"sceneLighting":false,"audioPlay":false,"sceneViewState":{"showFog":true,"showMaterialUpdate":false,"showSkybox":false,"showFlares":true,"showImageEffects":true,"showParticleSystems":true,"showVisualEffectGraphs":true,"m_FxEnabled":true},"in2DMode":false,"pivot":{"x":-1.6937994956970215,"y":0.1953239142894745,"z":-18.25410270690918},"rotation":{"x":0.032370612025260928,"y":-0.03867066651582718,"z":0.0012504217447713018,"w":0.9987402558326721},"size":5.109185218811035,"orthographic":true}