{"cameraMode":{"drawMode":0,"name":"Shaded","section":"Shading Mode"},"sceneLighting":false,"audioPlay":false,"sceneViewState":{"showFog":true,"showMaterialUpdate":false,"showSkybox":false,"showFlares":true,"showImageEffects":true,"showParticleSystems":true,"showVisualEffectGraphs":true,"m_FxEnabled":true},"in2DMode":false,"pivot":{"x":-0.24560390412807465,"y":2.7026820182800295,"z":6.451166152954102},"rotation":{"x":-0.025762993842363359,"y":0.05246775969862938,"z":-0.0013475400628522039,"w":-0.9983109831809998},"size":1.2247449159622193,"orthographic":true}