{"cameraMode":{"drawMode":0,"name":"Shaded","section":"Shading Mode"},"sceneLighting":false,"audioPlay":false,"sceneViewState":{"showFog":true,"showMaterialUpdate":false,"showSkybox":false,"showFlares":true,"showImageEffects":true,"showParticleSystems":true,"showVisualEffectGraphs":true,"m_FxEnabled":true},"in2DMode":false,"pivot":{"x":1.151665449142456,"y":1.116633653640747,"z":7.0358662605285648},"rotation":{"x":-0.13420557975769044,"y":-0.10030487179756165,"z":0.013654397800564766,"w":-0.9857785701751709},"size":5.9046783447265629,"orthographic":false}