{"cameraMode":{"drawMode":0,"name":"Shaded","section":"Shading Mode"},"sceneLighting":false,"audioPlay":false,"sceneViewState":{"showFog":true,"showMaterialUpdate":false,"showSkybox":false,"showFlares":true,"showImageEffects":true,"showParticleSystems":true,"showVisualEffectGraphs":true,"m_FxEnabled":true},"in2DMode":false,"pivot":{"x":12.595678329467774,"y":-10.537642478942871,"z":-37.32596206665039},"rotation":{"x":0.001277547562494874,"y":-0.7049891948699951,"z":0.0012679493520408869,"w":0.7092293500900269},"size":10.61755084991455,"orthographic":true}