{"cameraMode":{"drawMode":0,"name":"Shaded","section":"Shading Mode"},"sceneLighting":false,"audioPlay":false,"sceneViewState":{"showFog":true,"showMaterialUpdate":false,"showSkybox":false,"showFlares":true,"showImageEffects":true,"showParticleSystems":true,"showVisualEffectGraphs":true,"m_FxEnabled":true},"in2DMode":false,"pivot":{"x":-11.754629135131836,"y":-11.164626121520996,"z":-39.550514221191409},"rotation":{"x":0.04066234454512596,"y":-0.07875359803438187,"z":0.0032115099020302297,"w":0.9960727095603943},"size":9.374449729919434,"orthographic":true}