{"cameraMode":{"drawMode":0,"name":"Shaded","section":"Shading Mode"},"sceneLighting":false,"audioPlay":false,"sceneViewState":{"showFog":true,"showMaterialUpdate":false,"showSkybox":false,"showFlares":true,"showImageEffects":true,"showParticleSystems":true,"showVisualEffectGraphs":true,"m_FxEnabled":true},"in2DMode":false,"pivot":{"x":-23.594125747680665,"y":-15.75888729095459,"z":-1.7291005849838257},"rotation":{"x":0.011099468916654587,"y":0.007797533646225929,"z":-0.0000868526694830507,"w":0.99991375207901},"size":6.999352931976318,"orthographic":true}