{"cameraMode":{"drawMode":0,"name":"Shaded","section":"Shading Mode"},"sceneLighting":false,"audioPlay":false,"sceneViewState":{"showFog":true,"showMaterialUpdate":false,"showSkybox":false,"showFlares":true,"showImageEffects":true,"showParticleSystems":true,"showVisualEffectGraphs":true,"m_FxEnabled":true},"in2DMode":false,"pivot":{"x":12.595678329467774,"y":-10.537642478942871,"z":-37.32596206665039},"rotation":{"x":0.0017977111274376512,"y":-0.050378911197185519,"z":0.00008981030259747058,"w":0.998738706111908},"size":10.61755084991455,"orthographic":true}