{"cameraMode":{"drawMode":0,"name":"Shaded","section":"Shading Mode"},"sceneLighting":false,"audioPlay":false,"sceneViewState":{"showFog":true,"showMaterialUpdate":false,"showSkybox":false,"showFlares":true,"showImageEffects":true,"showParticleSystems":true,"showVisualEffectGraphs":true,"m_FxEnabled":true},"in2DMode":false,"pivot":{"x":12.595678329467774,"y":-10.537642478942871,"z":-37.32596206665039},"rotation":{"x":-0.05097810924053192,"y":-0.0005990041536279023,"z":-0.000029840644856449217,"w":0.9987058639526367},"size":4.402490615844727,"orthographic":true}