{"cameraMode":{"drawMode":0,"name":"Shaded","section":"Shading Mode"},"sceneLighting":false,"audioPlay":false,"sceneViewState":{"showFog":true,"showMaterialUpdate":false,"showSkybox":false,"showFlares":true,"showImageEffects":true,"showParticleSystems":true,"showVisualEffectGraphs":true,"m_FxEnabled":true},"in2DMode":false,"pivot":{"x":0.5180268287658691,"y":2.1291027069091799,"z":-0.48740196228027346},"rotation":{"x":0.01928156055510044,"y":0.9736437797546387,"z":-0.08993621170520783,"w":0.20873168110847474},"size":4.592962265014648,"orthographic":false}