{"cameraMode":{"drawMode":0,"name":"Shaded","section":"Shading Mode"},"sceneLighting":false,"audioPlay":false,"sceneViewState":{"showFog":true,"showMaterialUpdate":false,"showSkybox":false,"showFlares":true,"showImageEffects":true,"showParticleSystems":true,"showVisualEffectGraphs":true,"m_FxEnabled":true},"in2DMode":false,"pivot":{"x":0.003681391477584839,"y":0.6511253118515015,"z":0.008563041687011719},"rotation":{"x":0.0634976252913475,"y":0.21708817780017854,"z":-0.014150036498904229,"w":0.9740033745765686},"size":1.637533187866211,"orthographic":false}