{"cameraMode":{"drawMode":0,"name":"Shaded","section":"Shading Mode"},"sceneLighting":false,"audioPlay":false,"sceneViewState":{"showFog":true,"showMaterialUpdate":false,"showSkybox":false,"showFlares":true,"showImageEffects":true,"showParticleSystems":true,"showVisualEffectGraphs":true,"m_FxEnabled":true},"in2DMode":false,"pivot":{"x":-0.024756908416748048,"y":-15.712470054626465,"z":0.03579282760620117},"rotation":{"x":0.01679878868162632,"y":0.002698914846405387,"z":-0.000060188904171809554,"w":0.9998804330825806},"size":8.17339038848877,"orthographic":true}