{"cameraMode":{"drawMode":0,"name":"Shaded","section":"Shading Mode"},"sceneLighting":false,"audioPlay":false,"sceneViewState":{"showFog":true,"showMaterialUpdate":false,"showSkybox":false,"showFlares":true,"showImageEffects":true,"showParticleSystems":true,"showVisualEffectGraphs":true,"m_FxEnabled":true},"in2DMode":false,"pivot":{"x":-0.024756908416748048,"y":-15.712456703186036,"z":0.28559374809265139},"rotation":{"x":-0.06039822846651077,"y":-0.45220446586608889,"z":0.03071088343858719,"w":-0.8893384337425232},"size":8.070202827453614,"orthographic":false}