{"cameraMode":{"drawMode":0,"name":"Shaded","section":"Shading Mode"},"sceneLighting":false,"audioPlay":false,"sceneViewState":{"showFog":true,"showMaterialUpdate":false,"showSkybox":false,"showFlares":true,"showImageEffects":true,"showParticleSystems":true,"showVisualEffectGraphs":true,"m_FxEnabled":true},"in2DMode":false,"pivot":{"x":0.4200000762939453,"y":8.472917556762696,"z":-13.733314514160157},"rotation":{"x":0.05546105280518532,"y":-0.019468801096081735,"z":0.0010816218564286829,"w":0.9982707500457764},"size":19.613008499145509,"orthographic":true}