{"cameraMode":{"drawMode":0,"name":"Shaded","section":"Shading Mode"},"sceneLighting":false,"audioPlay":false,"sceneViewState":{"showFog":true,"showMaterialUpdate":false,"showSkybox":false,"showFlares":true,"showImageEffects":true,"showParticleSystems":true,"showVisualEffectGraphs":true,"m_FxEnabled":true},"in2DMode":false,"pivot":{"x":-0.06898927688598633,"y":1.3315364122390748,"z":1.5357344150543213},"rotation":{"x":-0.012271270155906678,"y":0.078510582447052,"z":-0.0009663405944593251,"w":-0.9968416094779968},"size":2.3250010013580324,"orthographic":false}