{"cameraMode":{"drawMode":0,"name":"Shaded","section":"Shading Mode"},"sceneLighting":false,"audioPlay":false,"sceneViewState":{"showFog":true,"showMaterialUpdate":false,"showSkybox":false,"showFlares":true,"showImageEffects":true,"showParticleSystems":true,"showVisualEffectGraphs":true,"m_FxEnabled":true},"in2DMode":false,"pivot":{"x":-13.508905410766602,"y":3.7244482040405275,"z":-1.7265654802322388},"rotation":{"x":-0.004799429327249527,"y":-0.01890482008457184,"z":-0.00008174182585207745,"w":0.9998469948768616},"size":4.5804443359375,"orthographic":true}