{"cameraMode":{"drawMode":0,"name":"Shaded","section":"Shading Mode"},"sceneLighting":false,"audioPlay":false,"sceneViewState":{"showFog":true,"showMaterialUpdate":false,"showSkybox":false,"showFlares":true,"showImageEffects":true,"showParticleSystems":true,"showVisualEffectGraphs":true,"m_FxEnabled":true},"in2DMode":false,"pivot":{"x":-42.11085891723633,"y":-72.80850219726563,"z":-34.406532287597659},"rotation":{"x":-0.008999842219054699,"y":-0.002999913180246949,"z":-0.000027363614208297804,"w":0.9999580383300781},"size":6.848970413208008,"orthographic":true}