{"cameraMode":{"drawMode":0,"name":"Shaded","section":"Shading Mode"},"sceneLighting":true,"audioPlay":false,"sceneViewState":{"showFog":true,"showMaterialUpdate":false,"showSkybox":true,"showFlares":true,"showImageEffects":true,"showParticleSystems":true,"showVisualEffectGraphs":true,"m_FxEnabled":true},"in2DMode":false,"pivot":{"x":3.7862350940704347,"y":2.4558560848236086,"z":-2.387042999267578},"rotation":{"x":-0.0009001521393656731,"y":0.026098372414708139,"z":0.00004558054206427187,"w":0.9996960163116455},"size":14.006416320800782,"orthographic":false}