{"cameraMode":{"drawMode":0,"name":"Shaded","section":"Shading Mode"},"sceneLighting":false,"audioPlay":false,"sceneViewState":{"showFog":true,"showMaterialUpdate":false,"showSkybox":false,"showFlares":true,"showImageEffects":true,"showParticleSystems":true,"showVisualEffectGraphs":true,"m_FxEnabled":true},"in2DMode":false,"pivot":{"x":15.319969177246094,"y":-10.023171424865723,"z":-37.210201263427737},"rotation":{"x":-0.05097810924053192,"y":-0.0005990041536279023,"z":-0.000029840644856449217,"w":0.9987058639526367},"size":4.402490615844727,"orthographic":true}