{"cameraMode":{"drawMode":0,"name":"Shaded","section":"Shading Mode"},"sceneLighting":false,"audioPlay":false,"sceneViewState":{"showFog":true,"showMaterialUpdate":false,"showSkybox":false,"showFlares":true,"showImageEffects":true,"showParticleSystems":true,"showVisualEffectGraphs":true,"m_FxEnabled":true},"in2DMode":false,"pivot":{"x":173.53158569335938,"y":-10.253673553466797,"z":0.7983852028846741},"rotation":{"x":0.008999391458928585,"y":-0.010499119758605957,"z":0.00009449491335544735,"w":0.9999052286148071},"size":1.4464139938354493,"orthographic":true}