{"cameraMode":{"drawMode":0,"name":"Shaded","section":"Shading Mode"},"sceneLighting":false,"audioPlay":false,"sceneViewState":{"showFog":true,"showMaterialUpdate":false,"showSkybox":false,"showFlares":true,"showImageEffects":true,"showParticleSystems":true,"showVisualEffectGraphs":true,"m_FxEnabled":true},"in2DMode":false,"pivot":{"x":0.4984332323074341,"y":0.9698079228401184,"z":0.3175973892211914},"rotation":{"x":0.05607011914253235,"y":0.006587429437786341,"z":-0.00036720873322337866,"w":0.9984173774719238},"size":2.394014835357666,"orthographic":false}