{"cameraMode":{"drawMode":0,"name":"Shaded","section":"Shading Mode"},"sceneLighting":false,"audioPlay":false,"sceneViewState":{"showFog":true,"showMaterialUpdate":false,"showSkybox":false,"showFlares":true,"showImageEffects":true,"showParticleSystems":true,"showVisualEffectGraphs":true,"m_FxEnabled":true},"in2DMode":false,"pivot":{"x":7.671854496002197,"y":-0.24954986572265626,"z":1.5965650081634522},"rotation":{"x":0.0161987766623497,"y":-0.008400588296353817,"z":0.0001353786647086963,"w":0.9998382925987244},"size":2.321385383605957,"orthographic":true}