{"cameraMode":{"drawMode":0,"name":"Shaded","section":"Shading Mode"},"sceneLighting":false,"audioPlay":false,"sceneViewState":{"showFog":true,"showMaterialUpdate":false,"showSkybox":false,"showFlares":true,"showImageEffects":true,"showParticleSystems":true,"showVisualEffectGraphs":true,"m_FxEnabled":true},"in2DMode":false,"pivot":{"x":-33.749664306640628,"y":7.755313396453857,"z":-46.03569793701172},"rotation":{"x":0.006133774295449257,"y":0.9938221573829651,"z":-0.07288749516010285,"w":0.08366328477859497},"size":10.356979370117188,"orthographic":false}