{"cameraMode":{"drawMode":0,"name":"Shaded","section":"Shading Mode"},"sceneLighting":false,"audioPlay":false,"sceneViewState":{"showFog":true,"showMaterialUpdate":false,"showSkybox":false,"showFlares":true,"showImageEffects":true,"showParticleSystems":true,"showVisualEffectGraphs":true,"m_FxEnabled":true},"in2DMode":false,"pivot":{"x":-22.166337966918947,"y":-20.59682273864746,"z":-57.72938919067383},"rotation":{"x":-0.000043676212953869253,"y":-0.9998607635498047,"z":0.01709897816181183,"w":-0.002403134247288108},"size":7.220409870147705,"orthographic":true}