{"cameraMode":{"drawMode":0,"name":"Shaded","section":"Shading Mode"},"sceneLighting":false,"audioPlay":false,"sceneViewState":{"showFog":true,"showMaterialUpdate":false,"showSkybox":false,"showFlares":true,"showImageEffects":true,"showParticleSystems":true,"showVisualEffectGraphs":true,"m_FxEnabled":true},"in2DMode":false,"pivot":{"x":-41.426822662353519,"y":-9.192195892333985,"z":-2.820979118347168},"rotation":{"x":0.029985858127474786,"y":0.025485467165708543,"z":-0.0007624815916642547,"w":0.999238133430481},"size":12.222794532775879,"orthographic":true}