{"cameraMode":{"drawMode":0,"name":"Shaded","section":"Shading Mode"},"sceneLighting":false,"audioPlay":false,"sceneViewState":{"showFog":true,"showMaterialUpdate":false,"showSkybox":false,"showFlares":true,"showImageEffects":true,"showParticleSystems":true,"showVisualEffectGraphs":true,"m_FxEnabled":true},"in2DMode":false,"pivot":{"x":-0.33790165185928347,"y":0.3045136034488678,"z":4.679797172546387},"rotation":{"x":0.01918553188443184,"y":0.020092425867915155,"z":0.0003847455373033881,"w":-0.9996193647384644},"size":3.7232367992401125,"orthographic":false}