{"cameraMode":{"drawMode":0,"name":"Shaded","section":"Shading Mode"},"sceneLighting":false,"audioPlay":false,"sceneViewState":{"showFog":true,"showMaterialUpdate":false,"showSkybox":false,"showFlares":true,"showImageEffects":true,"showParticleSystems":true,"showVisualEffectGraphs":true,"m_FxEnabled":true},"in2DMode":false,"pivot":{"x":-19.16196060180664,"y":-28.732044219970704,"z":-27.469528198242189},"rotation":{"x":0.08986593037843704,"y":-0.017032545059919359,"z":0.0015366297448053957,"w":0.995812714099884},"size":7.219386100769043,"orthographic":false}