{"cameraMode":{"drawMode":0,"name":"Shaded","section":"Shading Mode"},"sceneLighting":true,"audioPlay":false,"sceneViewState":{"showFog":true,"showMaterialUpdate":false,"showSkybox":true,"showFlares":true,"showImageEffects":true,"showParticleSystems":true,"showVisualEffectGraphs":true,"m_FxEnabled":true},"in2DMode":false,"pivot":{"x":-2.4072577953338625,"y":6.804638862609863,"z":1.4166427850723267},"rotation":{"x":-0.0647534653544426,"y":0.008988842368125916,"z":-0.0005805453984066844,"w":-0.9978758096694946},"size":11.38855266571045,"orthographic":true}