{"cameraMode":{"drawMode":0,"name":"Shaded","section":"Shading Mode"},"sceneLighting":true,"audioPlay":false,"sceneViewState":{"showFog":true,"showMaterialUpdate":false,"showSkybox":true,"showFlares":true,"showImageEffects":true,"showParticleSystems":true,"showVisualEffectGraphs":true,"m_FxEnabled":true},"in2DMode":false,"pivot":{"x":1.105447769165039,"y":7.012485980987549,"z":-3.8547706604003908},"rotation":{"x":-0.0033001811243593694,"y":0.0030081896111369135,"z":-0.000008863872608344536,"w":-1.000023365020752},"size":8.387340545654297,"orthographic":true}