{"cameraMode":{"drawMode":0,"name":"Shaded","section":"Shading Mode"},"sceneLighting":true,"audioPlay":false,"sceneViewState":{"showFog":true,"showMaterialUpdate":false,"showSkybox":true,"showFlares":true,"showImageEffects":true,"showParticleSystems":true,"showVisualEffectGraphs":true,"m_FxEnabled":true},"in2DMode":false,"pivot":{"x":-32.875335693359378,"y":-1.9491972923278809,"z":11.624967575073243},"rotation":{"x":-0.12388984113931656,"y":-0.0038725442718714477,"z":0.000483636831631884,"w":-0.9922909140586853},"size":6.893489360809326,"orthographic":false}