{"cameraMode":{"drawMode":0,"name":"Shaded","section":"Shading Mode"},"sceneLighting":true,"audioPlay":false,"sceneViewState":{"showFog":true,"showMaterialUpdate":false,"showSkybox":true,"showFlares":true,"showImageEffects":true,"showParticleSystems":true,"showVisualEffectGraphs":true,"m_FxEnabled":true},"in2DMode":false,"pivot":{"x":13.797657012939454,"y":-0.39624547958374026,"z":-7.0293498039245609},"rotation":{"x":0.05338778719305992,"y":0.7213262319564819,"z":-0.05594897270202637,"w":0.6882961392402649},"size":16.22852897644043,"orthographic":false}