{"cameraMode":{"drawMode":0,"name":"Shaded","section":"Shading Mode"},"sceneLighting":true,"audioPlay":false,"sceneViewState":{"showFog":true,"showMaterialUpdate":false,"showSkybox":true,"showFlares":true,"showImageEffects":true,"showParticleSystems":true,"showVisualEffectGraphs":true,"m_FxEnabled":true},"in2DMode":false,"pivot":{"x":3.4670028686523439,"y":-7.603846549987793,"z":7.240148544311523},"rotation":{"x":0.11005058884620667,"y":0.08755144476890564,"z":-0.009724396280944348,"w":0.9900671243667603},"size":13.723560333251954,"orthographic":false}