{"cameraMode":{"drawMode":0,"name":"Shaded","section":"Shading Mode"},"sceneLighting":true,"audioPlay":false,"sceneViewState":{"showFog":true,"showMaterialUpdate":false,"showSkybox":true,"showFlares":true,"showImageEffects":true,"showParticleSystems":true,"showVisualEffectGraphs":true,"m_FxEnabled":true},"in2DMode":false,"pivot":{"x":7.813868045806885,"y":-9.317706108093262,"z":-1.868337631225586},"rotation":{"x":0.036296531558036807,"y":0.0009018497657962143,"z":-0.00017428267165087163,"w":0.9994728565216065},"size":14.995429039001465,"orthographic":false}