{"cameraMode":{"drawMode":0,"name":"Shaded","section":"Shading Mode"},"sceneLighting":true,"audioPlay":false,"sceneViewState":{"showFog":true,"showMaterialUpdate":false,"showSkybox":true,"showFlares":true,"showImageEffects":true,"showParticleSystems":true,"showVisualEffectGraphs":true,"m_FxEnabled":true},"in2DMode":false,"pivot":{"x":-0.7925328016281128,"y":1.668487310409546,"z":1.2087388038635255},"rotation":{"x":0.04058955982327461,"y":0.09668183326721192,"z":-0.0040749129839241508,"w":0.9946044683456421},"size":9.429649353027344,"orthographic":false}