{"cameraMode":{"drawMode":0,"name":"Shaded","section":"Shading Mode"},"sceneLighting":true,"audioPlay":false,"sceneViewState":{"showFog":true,"showMaterialUpdate":false,"showSkybox":true,"showFlares":true,"showImageEffects":true,"showParticleSystems":true,"showVisualEffectGraphs":true,"m_FxEnabled":true},"in2DMode":false,"pivot":{"x":458.51544189453127,"y":275.6929016113281,"z":49.30711364746094},"rotation":{"x":-0.025762993842363359,"y":0.05246775969862938,"z":-0.0013475400628522039,"w":-0.9983109831809998},"size":1.2247449159622193,"orthographic":true}