{"cameraMode":{"drawMode":0,"name":"Shaded","section":"Shading Mode"},"sceneLighting":true,"audioPlay":false,"sceneViewState":{"showFog":true,"showMaterialUpdate":false,"showSkybox":true,"showFlares":true,"showImageEffects":true,"showParticleSystems":true,"showVisualEffectGraphs":true,"m_FxEnabled":true},"in2DMode":false,"pivot":{"x":238.4477996826172,"y":35.92567443847656,"z":-5.7501983642578129},"rotation":{"x":0.01469944417476654,"y":-0.005700089503079653,"z":0.00009549407695885748,"w":0.9999256134033203},"size":100.40933227539063,"orthographic":false}