{"cameraMode":{"drawMode":0,"name":"Shaded","section":"Shading Mode"},"sceneLighting":true,"audioPlay":false,"sceneViewState":{"showFog":true,"showMaterialUpdate":false,"showSkybox":true,"showFlares":true,"showImageEffects":true,"showParticleSystems":true,"showVisualEffectGraphs":true,"m_FxEnabled":true},"in2DMode":false,"pivot":{"x":6.232996940612793,"y":-1.457801103591919,"z":0.44092893600463869},"rotation":{"x":0.008699825964868069,"y":0.0047995164059102539,"z":-0.000030061108191148378,"w":1.0000005960464478},"size":5.399909019470215,"orthographic":false}