{"cameraMode":{"drawMode":0,"name":"Shaded","section":"Shading Mode"},"sceneLighting":true,"audioPlay":false,"sceneViewState":{"showFog":true,"showMaterialUpdate":false,"showSkybox":true,"showFlares":true,"showImageEffects":true,"showParticleSystems":true,"showVisualEffectGraphs":true,"m_FxEnabled":true},"in2DMode":false,"pivot":{"x":97.62650299072266,"y":-3.2607150077819826,"z":-106.59104919433594},"rotation":{"x":-0.0625794380903244,"y":-0.05327260121703148,"z":0.0033451837953180076,"w":-0.9966175556182861},"size":7.279856204986572,"orthographic":false}