{"cameraMode":{"drawMode":0,"name":"Shaded","section":"Shading Mode"},"sceneLighting":true,"audioPlay":false,"sceneViewState":{"showFog":true,"showMaterialUpdate":false,"showSkybox":true,"showFlares":true,"showImageEffects":true,"showParticleSystems":true,"showVisualEffectGraphs":true,"m_FxEnabled":true},"in2DMode":false,"pivot":{"x":11.012813568115235,"y":-1.0641746520996094,"z":-1.2728209495544434},"rotation":{"x":0.0014993600780144334,"y":0.028496183454990388,"z":-0.0000427295635745395,"w":0.999593198299408},"size":13.376124382019043,"orthographic":true}