{"cameraMode":{"drawMode":0,"name":"Shaded","section":"Shading Mode"},"sceneLighting":true,"audioPlay":false,"sceneViewState":{"showFog":true,"showMaterialUpdate":false,"showSkybox":true,"showFlares":true,"showImageEffects":true,"showParticleSystems":true,"showVisualEffectGraphs":true,"m_FxEnabled":true},"in2DMode":false,"pivot":{"x":228.8623809814453,"y":344.74285888671877,"z":-3.5601844787597658},"rotation":{"x":-0.004809383302927017,"y":-0.008402714505791664,"z":0.00004042275759275071,"w":-0.9999545812606812},"size":127.7442626953125,"orthographic":false}