{"cameraMode":{"drawMode":0,"name":"Shaded","section":"Shading Mode"},"sceneLighting":true,"audioPlay":false,"sceneViewState":{"showFog":true,"showMaterialUpdate":false,"showSkybox":true,"showFlares":true,"showImageEffects":true,"showParticleSystems":true,"showVisualEffectGraphs":true,"m_FxEnabled":true},"in2DMode":false,"pivot":{"x":387.7491455078125,"y":211.00413513183595,"z":0.7565402984619141},"rotation":{"x":0.01469944417476654,"y":-0.005700089503079653,"z":0.00009549407695885748,"w":0.9999256134033203},"size":107.51611328125,"orthographic":false}