{"cameraMode":{"drawMode":0,"name":"Shaded","section":"Shading Mode"},"sceneLighting":true,"audioPlay":false,"sceneViewState":{"showFog":true,"showMaterialUpdate":false,"showSkybox":true,"showFlares":true,"showImageEffects":true,"showParticleSystems":true,"showVisualEffectGraphs":true,"m_FxEnabled":true},"in2DMode":false,"pivot":{"x":22.266250610351564,"y":7.789238929748535,"z":-2.868726968765259},"rotation":{"x":0.10923086851835251,"y":0.07983430474996567,"z":-0.008885377086699009,"w":0.9908814430236816},"size":10.302013397216797,"orthographic":true}