{"cameraMode":{"drawMode":0,"name":"Shaded","section":"Shading Mode"},"sceneLighting":true,"audioPlay":false,"sceneViewState":{"showFog":true,"showMaterialUpdate":false,"showSkybox":true,"showFlares":true,"showImageEffects":true,"showParticleSystems":true,"showVisualEffectGraphs":true,"m_FxEnabled":true},"in2DMode":false,"pivot":{"x":-10.371955871582032,"y":-0.7102203369140625,"z":4.9738006591796879},"rotation":{"x":0.07254283130168915,"y":0.009585319086909294,"z":-0.0006963338237255812,"w":0.9973241686820984},"size":15.261070251464844,"orthographic":false}