{"cameraMode":{"drawMode":0,"name":"Shaded","section":"Shading Mode"},"sceneLighting":true,"audioPlay":false,"sceneViewState":{"showFog":true,"showMaterialUpdate":false,"showSkybox":true,"showFlares":true,"showImageEffects":true,"showParticleSystems":true,"showVisualEffectGraphs":true,"m_FxEnabled":true},"in2DMode":false,"pivot":{"x":12.124730110168457,"y":1.6834673881530762,"z":-0.909542441368103},"rotation":{"x":0.0479765422642231,"y":-0.018875593319535257,"z":0.0009018658311106265,"w":0.9987509846687317},"size":3.66705322265625,"orthographic":true}