{"cameraMode":{"drawMode":0,"name":"Shaded","section":"Shading Mode"},"sceneLighting":true,"audioPlay":false,"sceneViewState":{"showFog":true,"showMaterialUpdate":false,"showSkybox":true,"showFlares":true,"showImageEffects":true,"showParticleSystems":true,"showVisualEffectGraphs":true,"m_FxEnabled":true},"in2DMode":false,"pivot":{"x":0.00980144739151001,"y":2.2525625228881838,"z":0.16640806198120118},"rotation":{"x":-0.0018086405470967293,"y":-0.029398515820503236,"z":0.00005340845018508844,"w":-0.9995707869529724},"size":8.7098388671875,"orthographic":false}