{"cameraMode":{"drawMode":0,"name":"Shaded","section":"Shading Mode"},"sceneLighting":true,"audioPlay":false,"sceneViewState":{"showFog":true,"showMaterialUpdate":false,"showSkybox":true,"showFlares":true,"showImageEffects":true,"showParticleSystems":true,"showVisualEffectGraphs":true,"m_FxEnabled":true},"in2DMode":false,"pivot":{"x":11.004650115966797,"y":-0.10011744499206543,"z":-1.6948719024658204},"rotation":{"x":-0.007106676232069731,"y":-0.7171858549118042,"z":-0.007317140698432922,"w":0.6968188881874085},"size":4.8127827644348148,"orthographic":true}