{"cameraMode":{"drawMode":0,"name":"Shaded","section":"Shading Mode"},"sceneLighting":true,"audioPlay":false,"sceneViewState":{"showFog":true,"showMaterialUpdate":false,"showSkybox":true,"showFlares":true,"showImageEffects":true,"showParticleSystems":true,"showVisualEffectGraphs":true,"m_FxEnabled":true},"in2DMode":false,"pivot":{"x":451.8938293457031,"y":57.27082061767578,"z":0.120391845703125},"rotation":{"x":-0.06325816363096237,"y":0.017061857506632806,"z":-0.0010820894967764617,"w":-0.9978528022766113},"size":196.86521911621095,"orthographic":false}