{"cameraMode":{"drawMode":0,"name":"Shaded","section":"Shading Mode"},"sceneLighting":true,"audioPlay":false,"sceneViewState":{"showFog":true,"showMaterialUpdate":false,"showSkybox":true,"showFlares":true,"showImageEffects":true,"showParticleSystems":true,"showVisualEffectGraphs":true,"m_FxEnabled":true},"in2DMode":false,"pivot":{"x":-0.9078000783920288,"y":3.2490224838256838,"z":3.053821325302124},"rotation":{"x":-0.025199294090270997,"y":0.024587364867329599,"z":-0.0006197695038281381,"w":-0.999387264251709},"size":8.162447929382325,"orthographic":false}