{"cameraMode":{"drawMode":0,"name":"Shaded","section":"Shading Mode"},"sceneLighting":true,"audioPlay":false,"sceneViewState":{"showFog":true,"showMaterialUpdate":false,"showSkybox":true,"showFlares":true,"showImageEffects":true,"showParticleSystems":true,"showVisualEffectGraphs":true,"m_FxEnabled":true},"in2DMode":false,"pivot":{"x":-21.355815887451173,"y":-3.229156494140625,"z":-7.827136039733887},"rotation":{"x":-0.010809233412146569,"y":0.005096795503050089,"z":-0.00005508701360668056,"w":-0.9999300837516785},"size":7.845200538635254,"orthographic":false}