{"cameraMode":{"drawMode":0,"name":"Shaded","section":"Shading Mode"},"sceneLighting":true,"audioPlay":false,"sceneViewState":{"showFog":true,"showMaterialUpdate":false,"showSkybox":true,"showFlares":true,"showImageEffects":true,"showParticleSystems":true,"showVisualEffectGraphs":true,"m_FxEnabled":true},"in2DMode":false,"pivot":{"x":10.243812561035157,"y":-0.16412580013275147,"z":-1.630996584892273},"rotation":{"x":0.14037209749221803,"y":-0.04750506579875946,"z":0.006743429694324732,"w":0.9889413714408875},"size":5.548172473907471,"orthographic":true}