{"cameraMode":{"drawMode":0,"name":"Shaded","section":"Shading Mode"},"sceneLighting":true,"audioPlay":false,"sceneViewState":{"showFog":true,"showMaterialUpdate":false,"showSkybox":true,"showFlares":true,"showImageEffects":true,"showParticleSystems":true,"showVisualEffectGraphs":true,"m_FxEnabled":true},"in2DMode":false,"pivot":{"x":110.27288818359375,"y":-4.239612579345703,"z":-80.29511260986328},"rotation":{"x":0.04366794228553772,"y":-0.07366549968719483,"z":0.003216214245185256,"w":0.9963434934616089},"size":24.495380401611329,"orthographic":false}