{"cameraMode":{"drawMode":0,"name":"Shaded","section":"Shading Mode"},"sceneLighting":true,"audioPlay":false,"sceneViewState":{"showFog":true,"showMaterialUpdate":false,"showSkybox":true,"showFlares":true,"showImageEffects":true,"showParticleSystems":true,"showVisualEffectGraphs":true,"m_FxEnabled":true},"in2DMode":false,"pivot":{"x":-10.749332427978516,"y":-1.3362853527069092,"z":1.360572338104248},"rotation":{"x":0.10045686364173889,"y":0.05906517803668976,"z":-0.006108829285949469,"w":0.9932984113693237},"size":12.795602798461914,"orthographic":false}