{"cameraMode":{"drawMode":0,"name":"Shaded","section":"Shading Mode"},"sceneLighting":true,"audioPlay":false,"sceneViewState":{"showFog":true,"showMaterialUpdate":false,"showSkybox":true,"showFlares":true,"showImageEffects":true,"showParticleSystems":true,"showVisualEffectGraphs":true,"m_FxEnabled":true},"in2DMode":false,"pivot":{"x":-20.460861206054689,"y":1.0337588787078858,"z":4.183907508850098},"rotation":{"x":-0.023373814299702646,"y":-0.03537246584892273,"z":-0.0008267209632322192,"w":0.9991055130958557},"size":13.975019454956055,"orthographic":false}