{"cameraMode":{"drawMode":0,"name":"Shaded","section":"Shading Mode"},"sceneLighting":true,"audioPlay":false,"sceneViewState":{"showFog":true,"showMaterialUpdate":false,"showSkybox":true,"showFlares":true,"showImageEffects":true,"showParticleSystems":true,"showVisualEffectGraphs":true,"m_FxEnabled":true},"in2DMode":false,"pivot":{"x":-0.19000005722045899,"y":3.2799997329711916,"z":-8.899999618530274},"rotation":{"x":-0.09913702309131623,"y":0.0059781307354569439,"z":-0.0005937376990914345,"w":-0.9950692653656006},"size":8.783796310424805,"orthographic":true}