{"cameraMode":{"drawMode":0,"name":"Shaded","section":"Shading Mode"},"sceneLighting":false,"audioPlay":false,"sceneViewState":{"showFog":true,"showMaterialUpdate":false,"showSkybox":false,"showFlares":true,"showImageEffects":true,"showParticleSystems":true,"showVisualEffectGraphs":true,"m_FxEnabled":true},"in2DMode":false,"pivot":{"x":-46.35516357421875,"y":-71.58990478515625,"z":-34.23147964477539},"rotation":{"x":0.06744807213544846,"y":0.006585653871297836,"z":-0.00044638541294261813,"w":0.997713029384613},"size":8.218008995056153,"orthographic":true}